{
    "Birdie_Sony_A6000": {
        "focal": 21,
        "iheight": 4000,
        "iwidth": 6000,
        "sheight": 15.6,
        "swidth": 23.5
    },
    "DJI_FPV": {
        "iheight": 2160,
        "iwidth": 3840,
        "swidth": 6.3
    },
    "DJI_Mini_2": {
        "iheight": 3000,
        "iwidth": 4000,
        "swidth": 6.3
    },
    "GoPro Hero4 Black - 12MP Wide": {
        "focal": 2.92,
        "iheight": 3000,
        "iwidth": 4000,
        "sheight": 4.55,
        "swidth": 6.17
    },
    "Matrice_200_X4S": {
        "focal": 8.8,
        "iheight": 3078,
        "iwidth": 5472,
        "sheight": 8,
        "swidth": 13.2
    },
    "Mavic_2_Pro": {
        "focal": 10.35,
        "iheight": 3648,
        "iwidth": 5472,
        "sheight": 9.6,
        "swidth": 13.2
    },
    "Mavic_2_Zoom": {
        "focal": 8.5,
        "iheight": 3000,
        "iwidth": 4000,
        "sheight": 4.55,
        "swidth": 6.17
    },
    "Mavic_Air": {
        "focal": 4.27,
        "iheight": 3040,
        "iwidth": 4056,
        "sheight": 4.62,
        "swidth": 6.16
    },
    "Mavic_Air_2": {
        "focal": 5.18,
        "iheight": 6000,
        "iwidth": 8000,
        "sheight": 4.8,
        "swidth": 6.4
    },
    "Mavic_Mini": {
        "iheight": 3000,
        "iwidth": 4000,
        "sheight": 4.62,
        "swidth": 6.16
    },
    "Mavic_Pro": {
        "iheight": 3040,
        "iwidth": 4056,
        "swidth": 6.3
    },
    "Mavic_Pro_Platinium": {
        "focal": 4.98,
        "iheight": 3040,
        "iwidth": 4056,
        "sheight": 4.62,
        "swidth": 6.16
    },
    "Phantom_3_SE": {
        "focal": 3.57,
        "iheight": 3000,
        "iwidth": 4000,
        "sheight": 4.55,
        "swidth": 6.17
    },
    "Phantom_4_Advanced": {
        "focal": 8.8,
        "iheight": 3648,
        "iwidth": 5472,
        "sheight": 8.8,
        "swidth": 13.2
    },
    "Phantom_4_Pro": {
        "focal": 8.8,
        "iheight": 3648,
        "iwidth": 5472,
        "swidth": 13.2
    },
    "Phantom_4_Pro_RTK": {
        "focal": 8.8,
        "iheight": 3648,
        "iwidth": 5472,
        "sheight": 8.8,
        "swidth": 13.2
    },
    "Phantom_4_Pro_V2.0": {
        "focal": 8.8,
        "iheight": 3648,
        "iwidth": 5472,
        "sheight": 8.8,
        "swidth": 13.2
    },
    "Spark": {
        "iheight": 2976,
        "iwidth": 3968,
        "swidth": 6.3
    },
    "Zenmuse_X4S": {
        "focal": 8.8,
        "iheight": 3648,
        "iwidth": 5472,
        "sheight": 8.8,
        "swidth": 13.2
    },
    "Zenmuse_X5R": {
        "focal": 15,
        "iheight": 3456,
        "iwidth": 4608,
        "sheight": 13.5,
        "swidth": 17.3
    },
    "Zenmuse_X5S": {
        "focal": 15,
        "iheight": 3956,
        "iwidth": 5280,
        "sheight": 13.5,
        "swidth": 17.3
    },
    "Zenmuse_X7": {
        "iheight": 4008,
        "iwidth": 6016,
        "swidth": 23.5
    }
}
